timestamp,mellow
1438295248748899,0.21913303434848785
1438295248815852,0.21913303434848785
1438295248896604,0.21913303434848785
1438295249032007,0.21913303434848785
1438295249114214,0.20778964459896088
1438295249182257,0.19534341990947723
1438295249331908,0.18100662529468536
1438295249397700,0.16493681073188782
1438295249546276,0.14823681116104126
1438295249632010,0.1315368115901947
1438295249698644,0.11483681201934814
1438295249847641,0.09813681244850159
1438295249913954,0.08143681287765503
1438295249988790,0.06473681330680847
1438295250150248,0.04817149043083191
1438295250213916,0.031875524669885635
1438295250280066,0.017569059506058693
1438295250431295,0.0059083919040858746
1438295250498602,0.0
1438295250649499,0.0
1438295250731284,0.0
1438295250797355,0.0
1438295250949502,0.0
1438295251014656,0.0
1438295251081468,0.0
1438295251229573,0.0
1438295251315125,0.0
1438295251380599,0.0
1438295251531903,0.0
1438295251595723,0.0
1438295251748755,0.0
1438295251830005,0.0
1438295251898521,0.0
1438295252075536,0.0
1438295252113344,0.0
1438295252179657,0.0
1438295252332459,0.0
1438295252413431,0.0
1438295252491418,0.0
1438295252632416,0.0
1438295252719013,0.0
1438295252846301,0.0
1438295252913788,0.0
1438295252999817,0.0
1438295253150529,0.0
1438295253215095,0.0
1438295253282902,0.0
1438295253430836,0.0
1438295253499080,0.0
1438295253581793,0.0
1438295253732261,0.0
1438295253796055,0.0
1438295253946330,0.0
1438295254012715,0.0
1438295254098653,0.0
1438295254246304,0.0
1438295254314342,0.0
1438295254381770,0.0
1438295254529996,0.0
1438295254596531,0.0
1438295254681370,0.0
1438295254831972,0.0
1438295254896569,0.0
1438295255046132,0.0
1438295255113466,0.0
1438295255197293,0.0
1438295255346289,0.0
1438295255414989,0.0
1438295255480589,0.0
1438295255630134,0.0
1438295255696447,0.0
1438295255849434,0.0
1438295255930609,0.0
1438295255996481,0.0
1438295256148716,0.0
1438295256214970,0.0
1438295256281915,0.0
1438295256430695,0.0
1438295256520153,0.0
1438295256580044,0.0
1438295256731235,0.0
1438295256796494,0.0
1438295256946408,0.0
1438295257013065,0.0
1438295257096642,0.0
1438295257244957,0.0
1438295257312461,0.0
1438295257380280,0.010104949586093426
1438295257529384,0.0213442575186491
1438295257614554,0.0337509885430336
1438295257679057,0.04653160274028778
1438295257841169,0.059230562299489975
1438295257898999,0.07192952185869217
1438295258046922,0.08462847769260406
1438295258112408,0.09715347737073898
1438295258198415,0.10884347558021545
1438295258344785,0.1209045872092247
1438295258412402,0.1338934749364853
1438295258484891,0.14719344675540924
1438295258631223,0.1603706181049347
1438295258697597,0.17354778945446014
1438295258779808,0.18691052496433258
1438295258929601,0.20063886046409607
1438295258995135,0.21399332582950592
1438295259146386,0.22685538232326508
1438295259212451,0.23921893537044525
1438295259297305,0.2512086033821106
1438295259448719,0.26245051622390747
1438295259513744,0.27301451563835144
1438295259580925,0.2833946645259857
1438295259750675,0.29428085684776306
1438295259795228,0.30579960346221924
1438295259879422,0.3184570074081421
1438295260029469,0.3313586115837097
1438295260095230,0.34314510226249695
1438295260247441,0.34314510226249695
1438295260312399,0.34314510226249695
1438295260397997,0.34314510226249695
1438295260531836,0.34314510226249695
1438295260613661,0.34314510226249695
1438295260681664,0.34314510226249695
1438295260829906,0.35324278473854065
1438295260894490,0.3635346591472626
1438295260980608,0.3738265037536621
1438295261130592,0.3839241862297058
1438295261197623,0.3940218687057495
1438295261345021,0.40431371331214905
1438295261411521,0.4153823256492615
1438295261495293,0.4270334839820862
1438295261628099,0.4388788342475891
1438295261713258,0.4497532546520233
1438295261779892,0.4497532546520233
1438295261929903,0.4497532546520233
1438295261993808,0.4497532546520233
1438295262079327,0.4497532546520233
1438295262211331,0.4497532546520233
1438295262310191,0.4497532546520233
1438295262445041,0.4497532546520233
1438295262511229,0.4497532546520233
1438295262596543,0.4497532546520233
1438295262730001,0.4497532546520233
1438295262813359,0.4497532546520233
1438295262892872,0.46041199564933777
1438295263027523,0.47153252363204956
1438295263095009,0.4824478030204773
1438295263179396,0.4927128553390503
1438295263311238,0.5029811859130859
1438295263395369,0.5135221481323242
1438295263545609,0.5239284634590149
1438295263610702,0.5342000722885132
1438295263677976,0.5445836782455444
1438295263830050,0.5553544163703918
1438295263911544,0.5662598609924316
1438295263986524,0.5778075456619263
1438295264129561,0.5901322960853577
1438295264195192,0.6029195785522461
1438295264279765,0.6155721545219421
1438295264412595,0.6283594369888306
1438295264495369,0.6410616040229797
1438295264629500,0.6536478400230408
1438295264711134,0.6655749082565308
1438295264777883,0.6765220165252686
1438295264927425,0.6867920756340027
1438295265012045,0.6867920756340027
1438295265080021,0.6867920756340027
1438295265231934,0.6867920756340027
1438295265293903,0.6867920756340027
1438295265377953,0.6867920756340027
1438295265514777,0.6867920756340027
1438295265593448,0.6761114001274109
1438295265726089,0.6645979881286621
1438295265811390,0.651437520980835
1438295265877384,0.6379603147506714
1438295266027397,0.6252155900001526
1438295266094918,0.6126173734664917
1438295266179676,0.600165605545044
1438295266327382,0.588006854057312
1438295266395761,0.5757015943527222
1438295266479124,0.5632498264312744
1438295266612038,0.5506515502929688
1438295266698274,0.53790682554245
1438295266827398,0.5251621007919312
1438295266909585,0.5124173760414124
1438295266979640,0.49967262148857117
1438295267127531,0.48692789673805237
1438295267196445,0.4741046726703644
1438295267281898,0.46230390667915344
1438295267431129,0.45150429010391235
1438295267496430,0.44070467352867126
1438295267561612,0.42975595593452454
1438295267711305,0.41827043890953064
1438295267795350,0.40615907311439514
1438295267927245,0.39433273673057556
1438295268012206,0.38293468952178955
1438295268082004,0.37240198254585266
1438295268227224,0.37240198254585266
1438295268293853,0.37240198254585266
1438295268377961,0.37240198254585266
1438295268528088,0.37240198254585266
1438295268594233,0.37240198254585266
1438295268746834,0.37240198254585266
1438295268810147,0.37240198254585266
1438295268893865,0.37240198254585266
1438295269026054,0.37240198254585266
1438295269111832,0.38280045986175537
1438295269177128,0.38280045986175537
1438295269351142,0.39283451437950134
1438295269392556,0.40306735038757324
1438295269480488,0.40306735038757324
1438295269609931,0.40306735038757324
1438295269693767,0.40306735038757324
1438295269843648,0.40306735038757324
1438295269912927,0.40306735038757324
1438295269990236,0.40306735038757324
1438295270128654,0.39283859729766846
1438295270211099,0.38240110874176025
1438295270281140,0.37191006541252136
1438295270428819,0.36141905188560486
1438295270494436,0.35092800855636597
1438295270579336,0.34088075160980225
1438295270708607,0.3304470181465149
1438295270795132,0.31817206740379333
1438295270926170,0.30385780334472656
1438295271012484,0.2895435094833374
1438295271079160,0.27522921562194824
1438295271226074,0.26076582074165344
1438295271313203,0.24630242586135864
1438295271379341,0.23183904588222504
1438295271526224,0.21737565100193024
1438295271595054,0.20306135714054108
1438295271661695,0.18934349715709686
1438295271809411,0.17607297003269196
1438295271912183,0.16280242800712585
1438295272025633,0.14953190088272095
1438295272108685,0.13661667704582214
1438295272179150,0.12408533692359924
1438295272332125,0.11249939352273941
1438295272410063,0.11249939352273941
1438295272478493,0.12354601174592972
1438295272626158,0.13687999546527863
1438295272692541,0.15145453810691833
1438295272759164,0.1664845496416092
1438295272909090,0.18166635930538177
1438295272995255,0.1971518099308014
1438295273124953,0.21278908848762512
1438295273211106,0.22840668261051178
1438295273276457,0.244178906083107
1438295273426712,0.26010575890541077
1438295273517406,0.2768057584762573
1438295273577601,0.2935057580471039
1438295273725893,0.31020575761795044
1438295273791852,0.326905757188797
1438295273866720,0.34360575675964355
1438295274011326,0.3603057563304901
1438295274092049,0.37700575590133667
1438295274226170,0.3937057554721832
1438295274308858,0.4104057550430298
1438295274376006,0.42710575461387634
1438295274527600,0.4438057541847229
1438295274594345,0.46050575375556946
1438295274677914,0.477205753326416
1438295274826373,0.4939057528972626
1438295274892516,0.5106057524681091
1438295274961172,0.5273057818412781
1438295275119296,0.5440057516098022
1438295275176546,0.5607057809829712
1438295275324969,0.5774057507514954
1438295275408530,0.5941057801246643
1438295275476625,0.6108057498931885
1438295275624938,0.6275057792663574
1438295275693824,0.6442057490348816
1438295275762328,0.6609057784080505
1438295275908038,0.6776057481765747
1438295275992652,0.6943057775497437
1438295276059226,0.7110057473182678
1438295276211175,0.7275753021240234
1438295276275148,0.7437230944633484
1438295276424318,0.7597341537475586
1438295276508591,0.7753313779830933
1438295276575145,0.7906339168548584
1438295276728125,0.8054088354110718
1438295276790789,0.8198525905609131
1438295276859248,0.8345869183540344
1438295277029893,0.850256085395813
1438295277095137,0.8659251928329468
1438295277159717,0.8814912438392639
1438295277308618,0.8969542384147644
1438295277376736,0.9117986559867859
1438295277528107,0.9259214997291565
1438295277607698,0.939631998538971
1438295277676601,0.9532007575035095
1438295277824948,0.9668738842010498
1438295277893340,0.9806143641471863
1438295277959165,0.9944605827331543
1438295278111750,1.0
1438295278190866,1.0
1438295278258189,1.0
1438295278410833,1.0
1438295278476455,1.0
1438295278624939,1.0
1438295278692547,1.0
1438295278775239,1.0
1438295278949952,1.0
1438295278991083,1.0
1438295279057769,1.0
1438295279214843,1.0
1438295279276971,1.0
1438295279360455,1.0
1438295279508190,1.0
1438295279590275,1.0
1438295279724769,1.0
1438295279793728,1.0
1438295279877141,1.0
1438295280027557,1.0
1438295280092491,1.0
1438295280157261,1.0
1438295280307189,1.0
1438295280375806,1.0
1438295280460210,1.0
1438295280607267,1.0
1438295280673986,0.9897859692573547
1438295280823619,0.9793026447296143
1438295280890686,0.9690203070640564
1438295280976637,0.9588179588317871
1438295281125450,0.9588179588317871
1438295281190551,0.9588179588317871
1438295281259273,0.9588179588317871
1438295281409230,0.9588179588317871
1438295281478541,0.9588179588317871
1438295281627999,0.9588179588317871
1438295281707501,0.9588179588317871
1438295281776503,0.9588179588317871
1438295281926180,0.9588179588317871
1438295281991331,0.9588179588317871
1438295282075867,0.9588179588317871
1438295282207390,0.9588179588317871
1438295282293205,0.9588179588317871
1438295282361103,0.9588179588317871
1438295282507596,0.9588179588317871
1438295282573848,0.9588179588317871
1438295282723783,0.948559582233429
1438295282795931,0.9375867247581482
1438295282875155,0.9258310198783875
1438295283023605,0.9130181074142456
1438295283091118,0.8999172449111938
1438295283160216,0.8864400386810303
1438295283308717,0.8728163838386536
1438295283432156,0.859046220779419
1438295283458101,0.8458619713783264
1438295283607303,0.8328242897987366
1438295283676598,0.8204034566879272
1438295283824604,0.808403491973877
1438295283892306,0.7964035272598267
1438295283977744,0.7845526337623596
1438295284123536,0.7722960710525513
1438295284189753,0.7595166563987732
1438295284256505,0.7459216117858887
1438295284407372,0.7319055795669556
1438295284491233,0.718336820602417
1438295284562277,0.7071835994720459
1438295284711186,0.7071835994720459
1438295284773448,0.7071835994720459
1438295284924907,0.7071835994720459
1438295284989798,0.7071835994720459
1438295285074015,0.7071835994720459
1438295285223805,0.7071835994720459
1438295285289831,0.7071835994720459
1438295285357119,0.7071835994720459
1438295285506159,0.7071835994720459
1438295285573838,0.7071835994720459
1438295285657211,0.7071835994720459
1438295285808533,0.7071835994720459
1438295285873787,0.7071835994720459
1438295286025669,0.7071835994720459
1438295286089319,0.6971189975738525
1438295286171897,0.6867857575416565
1438295286308523,0.6759613752365112
1438295286389428,0.6644001603126526
1438295286460299,0.6515048146247864
1438295286631268,0.6374219655990601
1438295286682462,0.6230899095535278
1438295286758359,0.6087577939033508
1438295286908655,0.594550371170044
1438295286977574,0.5804675221443176
1438295287123387,0.5665093064308167
1438295287189806,0.5531230568885803
1438295287273288,0.5407071113586426
1438295287408466,0.5299580097198486
1438295287490575,0.5299580097198486
1438295287555235,0.5411076545715332
1438295287708485,0.554347038269043
1438295287775126,0.5681828856468201
1438295287858462,0.5820186734199524
1438295287991324,0.5958544611930847
1438295288078466,0.6099803447723389
1438295288222306,0.6239816546440125
1438295288289727,0.6378223896026611
1438295288376544,0.6518149375915527
1438295288551172,0.6658075451850891
1438295288589191,0.67976313829422
1438295288656625,0.6938471794128418
1438295288805995,0.7084450721740723
1438295288872646,0.7233232855796814
1438295288956663,0.7384817600250244
1438295289088440,0.7536401748657227
1438295289190206,0.7686702013015747
1438295289327327,0.7830578684806824
1438295289389747,0.7961071133613586
1438295289473989,0.8083972930908203
1438295289606263,0.8208178877830505
1438295289688573,0.8333296775817871
1438295289758992,0.8458414077758789
1438295289906013,0.8583531379699707
1438295289972618,0.8707130551338196
1438295290057195,0.8826175332069397
1438295290191112,0.8937629461288452
1438295290272605,0.903864860534668
1438295290407315,0.903864860534668
1438295290488434,0.8930400013923645
1438295290557761,0.880851149559021
1438295290705909,0.8685104846954346
1438295290788771,0.8569651246070862
1438295290855093,0.8569651246070862
1438295291006439,0.868138313293457
1438295291110194,0.8814364671707153
1438295291156696,0.8958170413970947
1438295291287293,0.9105068445205688
1438295291375168,0.9251587390899658
1438295291506294,0.9398106336593628
1438295291590340,0.9544625282287598
1438295291656569,0.9691144227981567
1438295291807675,0.9834511876106262
1438295291889874,0.9982606172561646
1438295291956515,1.0
1438295292106442,1.0
1438295292171886,1.0
1438295292257153,1.0
1438295292392327,1.0
1438295292474054,1.0
1438295292614848,1.0
1438295292688034,1.0
1438295292759547,1.0
1438295292905491,1.0
1438295292972078,1.0
1438295293055397,1.0
1438295293204902,1.0
1438295293273820,1.0
1438295293342316,1.0
1438295293488313,1.0
1438295293573412,1.0
1438295293704680,1.0
1438295293788622,1.0
1438295293855099,1.0
1438295294006073,1.0
1438295294071216,1.0
1438295294156588,1.0
1438295294310493,1.0
1438295294370608,1.0
1438295294522869,1.0
1438295294587230,1.0
1438295294673524,1.0
1438295294804827,1.0
1438295294890024,1.0
1438295294955347,1.0
1438295295108077,1.0
1438295295171139,1.0
1438295295254646,1.0
1438295295386708,1.0
1438295295473819,1.0
1438295295620494,1.0
1438295295691268,1.0
1438295295773869,1.0
1438295295904882,1.0
1438295295987301,1.0
1438295296055340,1.0
1438295296229667,1.0
1438295296273590,1.0
1438295296355239,1.0
1438295296487585,1.0
1438295296570887,1.0
1438295296720913,1.0
1438295296804758,1.0
1438295296870882,1.0
1438295297005860,1.0
1438295297088814,1.0
1438295297155259,1.0
1438295297305016,1.0
1438295297375084,1.0
1438295297437883,1.0
1438295297586637,1.0
1438295297671165,1.0
1438295297829116,1.0
1438295297888670,1.0
1438295297954501,1.0
1438295298105983,1.0
1438295298187318,1.0
1438295298254017,1.0
1438295298405372,1.0
1438295298470011,1.0
1438295298538027,1.0
1438295298687899,0.9874144792556763
1438295298791369,0.971153974533081
1438295298903379,0.955039918422699
1438295298987384,0.9393653869628906
1438295299056357,0.9236907958984375
1438295299205438,0.9080162644386292
1438295299287356,0.8929520845413208
1438295299353046,0.8786142468452454
1438295299503182,0.8651492595672607
1438295299572553,0.8525910973548889
1438295299638927,0.8409110307693481
1438295299787439,0.8293138146400452
1438295299870067,0.8179154396057129
1438295300003415,0.8064838647842407
1438295300085408,0.7950523495674133
1438295300155057,0.7835521697998047
1438295300303560,0.7719029188156128
1438295300369843,0.7601830959320068
1438295300453957,0.7481894493103027
1438295300603002,0.7360439896583557
1438295300669517,0.7234430909156799
1438295300739260,0.7109755277633667
1438295300885564,0.6987819075584412
1438295300956245,0.6868621706962585
1438295301104733,0.6750970482826233
1438295301188433,0.662903368473053
1438295301253247,0.6498879790306091
1438295301403877,0.6365280151367188
1438295301472527,0.6231679916381836
1438295301539618,0.6096886992454529
1438295301703538,0.5960901379585266
1438295301769911,0.5826108455657959
1438295301836066,0.5690572261810303
1438295301989821,0.5555036067962646
1438295302052591,0.541949987411499
1438295302202213,0.5285428166389465
1438295302285931,0.5152822136878967
1438295302353842,0.5021680593490601
1438295302503636,0.4890539050102234
1438295302569872,0.4755766987800598
1438295302638939,0.4617364704608917
1438295302786015,0.44756343960762024
1438295302873681,0.43324393033981323
1438295302936596,0.4186314344406128
1438295303085581,0.40389615297317505
1438295303152600,0.3891608417034149
1438295303304227,0.3741799592971802
1438295303385627,0.35870790481567383
1438295303454623,0.3426310420036316
1438295303602272,0.32593104243278503
1438295303669985,0.3092310428619385
1438295303737771,0.2925310432910919
1438295303911707,0.27583104372024536
1438295303971155,0.2591310441493988
1438295304039184,0.24270480871200562
1438295304186181,0.2264154702425003
1438295304252597,0.21053677797317505
1438295304405858,0.1945326030254364
1438295304471843,0.1789679229259491
1438295304552491,0.16384269297122955
1438295304702129,0.14904707670211792
1438295304770594,0.13445134460926056
1438295304835291,0.12007533758878708
1438295304985953,0.10591907054185867
1438295305070669,0.09176280349493027
1438295305135421,0.07760653644800186
1438295305285872,0.06336531043052673
1438295305351901,0.04887121543288231
1438295305503311,0.03412426635622978
1438295305568520,0.019377319142222404
1438295305653392,0.004347318317741156
1438295305801045,0.0
1438295305869747,0.0
1438295305935398,0.0
1438295306084605,0.0
1438295306152732,0.0
1438295306236721,0.0
1438295306387290,0.0
1438295306470564,0.0
1438295306602218,0.0
1438295306668618,0.0
1438295306753543,0.0
1438295306902263,0.0
1438295306968667,0.0
1438295307036298,0.0
1438295307184670,0.0
1438295307251262,0.0
1438295307407774,0.0
1438295307486602,0.0
1438295307551816,0.0
1438295307701104,0.0
1438295307768692,0.0
1438295307852785,0.0
1438295307986630,0.0
1438295308067951,0.0
1438295308134705,0.0
1438295308284881,0.0
1438295308351296,0.0
1438295308501228,0.0
1438295308568539,0.0
1438295308651294,0.0
1438295308800987,0.0
1438295308874680,0.0
1438295308950768,0.0
1438295309085717,0.0
1438295309169769,0.0
1438295309234941,0.0
1438295309387608,0.0
1438295309451379,0.0
1438295309600784,0.0
1438295309669825,0.0
1438295309751432,0.0
1438295309902441,0.0
1438295309967429,0.0
1438295310033857,0.0
1438295310183648,0.0
1438295310267184,0.0
1438295310334125,0.0
1438295310486037,0.0
1438295310552999,0.0
1438295310703609,0.011722906492650509
1438295310767267,0.025358498096466064
1438295310851411,0.039729341864585876
1438295311001150,0.05409504473209381
1438295311067547,0.06845560669898987
1438295311134030,0.0827893316745758
1438295311284744,0.09697124361991882
1438295311366713,0.11115315556526184
1438295311435619,0.1256387084722519
1438295311591004,0.14040236175060272
1438295311651204,0.15531782805919647
1438295311799826,0.17053693532943726
1438295311866060,0.18588684499263763
1438295311950113,0.20123673975467682
1438295312086557,0.2165866494178772
1438295312167293,0.23177900910377502
1438295312235086,0.2469523847103119
1438295312383448,0.2618221342563629
1438295312469211,0.2763826251029968
1438295312536454,0.29029929637908936
1438295312683542,0.303752064704895
1438295312751442,0.3167409598827362
1438295312908458,0.3297298550605774
1438295312967176,0.3428325057029724
1438295313049357,0.3559351861476898
1438295313187366,0.3687256872653961
1438295313267549,0.3805796504020691
1438295313334021,0.3908202350139618
1438295313510909,0.3908202350139618
1438295313549263,0.3908202350139618
1438295313634069,0.3908202350139618
1438295313785575,0.3908202350139618
1438295313849936,0.3908202350139618
1438295314005903,0.3908202350139618
1438295314065956,0.3908202350139618
1438295314155005,0.3908202350139618
1438295314284058,0.3908202350139618
1438295314366036,0.3908202350139618
1438295314434170,0.3908202350139618
1438295314583652,0.3908202350139618
1438295314648584,0.4012199342250824
1438295314735328,0.4112953543663025
1438295314865450,0.4112953543663025
1438295314952614,0.4112953543663025
1438295315100956,0.4112953543663025
1438295315165923,0.4112953543663025
1438295315249876,0.42170026898384094
1438295315382204,0.4326164126396179
1438295315466016,0.4438733756542206
1438295315534134,0.45580530166625977
1438295315683597,0.46822839975357056
1438295315749813,0.48114264011383057
1438295315832514,0.49439772963523865
1438295315965324,0.5078232288360596
1438295316069903,0.5212486982345581
1438295316201435,0.5346742272377014
1438295316267349,0.5492457747459412
1438295316337026,0.5644722580909729
1438295316483534,0.5792260766029358
1438295316574428,0.5938223600387573
1438295316634813,0.6082611083984375
1438295316786185,0.6226997971534729
1438295316848051,0.637109100818634
1438295316937869,0.6514877080917358
1438295317066080,0.6657087206840515
1438295317152436,0.6797593832015991
1438295317283402,0.693809986114502
1438295317367976,0.7080310583114624
1438295317432587,0.7222520709037781
1438295317584518,0.7363027334213257
1438295317665605,0.7506437301635742
1438295317732693,0.7644935846328735
1438295317882338,0.7768498063087463
1438295317950045,0.7768498063087463
1438295318032753,0.7768498063087463
1438295318165844,0.7768498063087463
1438295318249956,0.7768498063087463
1438295318382013,0.7872012853622437
1438295318466241,0.7994005084037781
1438295318534439,0.8137749433517456
1438295318683452,0.8304749727249146
1438295318748564,0.8471749424934387
1438295318846414,0.8638749718666077
1438295318985099,0.8805749416351318
1438295319051340,0.8972749710083008
1438295319119820,0.913974940776825
1438295319270838,0.9306749701499939
1438295319348815,0.9473749399185181
1438295319490660,0.964074969291687
1438295319564912,0.9807749390602112
1438295319632567,0.9974749684333801
1438295319783488,1.0
1438295319849086,1.0
1438295319932475,1.0
1438295320082629,1.0
1438295320148632,1.0
1438295320300204,1.0
1438295320364597,1.0
1438295320448436,1.0
1438295320583287,1.0
1438295320666902,1.0
1438295320734580,1.0
1438295320884703,1.0
1438295320964733,1.0
1438295321031298,1.0
1438295321190235,0.9895897507667542
1438295321248469,0.977509081363678
1438295321400541,0.9648576378822327
1438295321467001,0.9519184827804565
1438295321548523,0.9399645924568176
1438295321680791,0.9284214377403259
1438295321764731,0.917022168636322
1438295321836410,0.9055385589599609
1438295321982399,0.8941988348960876
1438295322050923,0.8830031156539917
1438295322132539,0.8720905184745789
1438295322265923,0.8614611029624939
1438295322356645,0.8614611029624939
1438295322498404,0.8614611029624939
1438295322564045,0.8614611029624939
1438295322632510,0.8614611029624939
1438295322783007,0.8716533780097961
1438295322864684,0.8831393122673035
1438295322934494,0.8962018489837646
1438295323080818,0.9099819660186768
1438295323148551,0.9239035844802856
1438295323217086,0.9376366138458252
1438295323367080,0.9513696432113647
1438295323447414,0.9651026725769043
1438295323598362,0.9788357019424438
1438295323664691,0.9927102327346802
1438295323751244,1.0
1438295323882002,1.0
1438295323963420,1.0
1438295324031161,1.0
1438295324182952,1.0
1438295324249607,1.0
1438295324315365,1.0
1438295324462876,1.0
1438295324552395,1.0
1438295324680727,1.0
1438295324764763,1.0
1438295324831299,1.0
1438295324985992,1.0
1438295325065363,1.0
1438295325131313,1.0
1438295325281842,1.0
1438295325348487,1.0
1438295325413012,1.0
1438295325577814,1.0
1438295325669567,1.0
1438295325782798,1.0
1438295325865792,1.0
1438295325931262,1.0
1438295326081775,1.0
1438295326148903,1.0
1438295326231896,1.0
1438295326381168,1.0
1438295326450374,1.0
1438295326513915,1.0
1438295326664646,1.0
1438295326731096,1.0
1438295326880967,1.0
1438295326963398,1.0
1438295327030955,1.0
1438295327182311,1.0
1438295327249681,1.0
1438295327330677,1.0
1438295327482145,1.0
1438295327547457,1.0
1438295327613965,0.9888105988502502
1438295327765872,0.9772944450378418
1438295327830019,0.9666951894760132
1438295327979578,0.9666951894760132
1438295328063577,0.9666951894760132
1438295328130826,0.9666951894760132
1438295328281613,0.9666951894760132
1438295328347267,0.9666951894760132
1438295328431314,0.9666951894760132
1438295328581575,0.9666951894760132
1438295328647996,0.9666951894760132
1438295328713869,0.9666951894760132
1438295328870604,0.9666951894760132
1438295328929831,0.9666951894760132
1438295329083816,0.9666951894760132
1438295329163309,0.9563073515892029
1438295329232515,0.9451740384101868
1438295329380527,0.9345256090164185
1438295329446043,0.9446052312850952
1438295329517706,0.9584423899650574
1438295329665331,0.97421795129776
1438295329747189,0.9899880290031433
1438295329815369,1.0
1438295329963518,1.0
1438295330029869,1.0
1438295330186068,1.0
1438295330247257,1.0
1438295330331897,1.0
1438295330482177,1.0
1438295330548467,1.0
1438295330612536,1.0
1438295330789516,1.0
1438295330850086,1.0
1438295330914707,1.0
1438295331065713,1.0
1438295331132511,0.9845145344734192
1438295331282115,0.9690290689468384
1438295331346503,0.9536954760551453
1438295331433798,0.9383618235588074
1438295331578933,0.9230281710624695
1438295331645306,0.9076945185661316
1438295331724513,0.8925127387046814
1438295331863300,0.8780183792114258
1438295331929073,0.8641542196273804
1438295332015133,0.8511061668395996
1438295332164464,0.8381251692771912
1438295332232794,0.8244889378547668
1438295332382262,0.8103581666946411
1438295332449159,0.7957456707954407
1438295332531415,0.7811331748962402
1438295332679579,0.7665206789970398
1438295332746337,0.7519081830978394
1438295332811762,0.7372956871986389
1438295332964706,0.7230075001716614
1438295333029724,0.7089270949363708
1438295333182819,0.6950104236602783
1438295333261924,0.6815849542617798
1438295333349898,0.6686506271362305
1438295333479709,0.6560437679290771
1438295333545812,0.643174946308136
1438295333630180,0.629310667514801
1438295333761993,0.614280641078949
1438295333845579,0.5984156727790833
1438295333912646,0.5825506448745728
1438295334061996,0.5665323138237
1438295334128642,0.551800012588501
1438295334279585,0.5391672849655151
1438295334365462,0.5276502966880798
1438295334427946,0.5164483785629272
1438295334582284,0.5046060681343079
1438295334647032,0.49165287613868713
1438295334730111,0.4775354862213135
1438295334862083,0.463270902633667
1438295334947822,0.44920846819877625
1438295335014989,0.43632131814956665
1438295335169543,0.42391589283943176
1438295335227986,0.4113157093524933
1438295335378154,0.39853790402412415
1438295335445633,0.3858230412006378
1438295335530834,0.3732719123363495
1438295335680895,0.36072078347206116
1438295335744676,0.3488802909851074
1438295335831146,0.3372313976287842
1438295335962260,0.326143354177475
1438295336046114,0.326143354177475
1438295336114617,0.3368816077709198
1438295336261469,0.34998321533203125
1438295336328270,0.3637397289276123
1438295336478356,0.37765994668006897
1438295336550724,0.39172425866127014
1438295336630356,0.40562155842781067
1438295336781533,0.4195188581943512
1438295336845951,0.43324917554855347
1438295336913770,0.44697946310043335
1438295337069657,0.4608767628669739
1438295337148513,0.4750903248786926
1438295337212831,0.4896564483642578
1438295337360580,0.5044081211090088
1438295337427270,0.5189741849899292
1438295337577687,0.5333528518676758
1438295337644273,0.5473604202270508
1438295337728648,0.5613225102424622
1438295337864666,0.5741561651229858
1438295337943940,0.5844222903251648
1438295338011151,0.5844222903251648
1438295338164639,0.5844222903251648
1438295338247459,0.5844222903251648
1438295338312683,0.5844222903251648
1438295338469777,0.5844222903251648
1438295338529790,0.5844222903251648
1438295338680967,0.5844222903251648
1438295338744106,0.5945029258728027
1438295338831211,0.6049848794937134
1438295338960686,0.6164249777793884
1438295339046644,0.6284520030021667
1438295339115044,0.641546905040741
1438295339261544,0.655554473400116
1438295339328696,0.6708457469940186
1438295339413745,0.6868641376495361
1438295339562225,0.7030422687530518
1438295339628495,0.7197422385215759
1438295339778107,0.7364422678947449
1438295339847020,0.753142237663269
1438295339928600,0.769490659236908
1438295340060341,0.7856612205505371
1438295340146495,0.8016577959060669
1438295340212577,0.8176543712615967
1438295340390156,0.8336510062217712
1438295340426695,0.849647581577301
1438295340512659,0.8654626607894897
1438295340664705,0.8810962438583374
1438295340727895,0.8965482711791992
1438295340877673,0.9118077158927917
1438295340944544,0.9267040491104126
1438295341030445,0.9410635828971863
1438295341160681,0.953449547290802
1438295341244616,0.953449547290802
1438295341311450,0.9398408532142639
1438295341463339,0.923140823841095
1438295341528676,0.9064408540725708
1438295341613834,0.8897408246994019
1438295341743427,0.8730408549308777
1438295341828068,0.8563408255577087
1438295341978926,0.8398078083992004
1438295342044437,0.8241302967071533
1438295342128676,0.8120313286781311
1438295342262675,0.8120313286781311
1438295342344810,0.8120313286781311
1438295342411158,0.8227670192718506
1438295342563882,0.8343334794044495
1438295342627327,0.8464111685752869
1438295342713803,0.8595112562179565
1438295342844581,0.8743190169334412
1438295342949750,0.8903232216835022
1438295343062648,0.9063273668289185
1438295343144665,0.9223315119743347
1438295343228595,0.9383357167243958
1438295343369716,0.9541659355163574
1438295343444537,0.9699960947036743
1438295343513150,0.985826313495636
1438295343660846,1.0
1438295343728494,1.0
1438295343813389,1.0
1438295343944504,1.0
1438295344027590,1.0
1438295344180300,1.0
1438295344244594,1.0
1438295344320134,1.0
1438295344460703,1.0
1438295344544796,1.0
1438295344613740,1.0
1438295344760796,1.0
1438295344827367,1.0
1438295344894154,1.0
1438295345043268,1.0
1438295345129644,1.0
1438295345261340,1.0
1438295345343345,1.0
1438295345411178,1.0
1438295345560678,1.0
1438295345628531,1.0
1438295345712505,1.0
1438295345862040,1.0
1438295345926394,1.0
1438295346080088,1.0
1438295346150706,0.9892632961273193
1438295346227325,0.9768929481506348
1438295346359090,0.9645226001739502
1438295346443263,0.9523298740386963
1438295346511393,0.9406701326370239
1438295346663895,0.9290334582328796
1438295346728312,0.9173967242240906
1438295346810177,0.9058589339256287
1438295346960850,0.8940060138702393
1438295347027212,0.8821530938148499
1438295347175398,0.8703001737594604
1438295347245885,0.8581314086914062
1438295347327262,0.8451268672943115
1438295347464759,0.8309715986251831
1438295347545773,0.816682755947113
1438295347611856,0.8022603392601013
1438295347761926,0.7882009744644165
1438295347827177,0.775285005569458
1438295347909975,0.7632766366004944
1438295348069561,0.7512892484664917
1438295348128758,0.7394623756408691
1438295348276790,0.7276355624198914
1438295348344450,0.7159693241119385
1438295348412009,0.7039399743080139
1438295348559051,0.6919453144073486
1438295348641883,0.6800965666770935
1438295348709174,0.6681643128395081
1438295348859471,0.6562319993972778
1438295348927224,0.6442997455596924
1438295348994678,0.6322424411773682
1438295349150234,0.6201850771903992
1438295349226048,0.608127772808075
1438295349375998,0.5961130857467651
1438295349443178,0.583530068397522
1438295349508651,0.5698660612106323
1438295349661345,0.556186318397522
1438295349743403,0.5432329177856445
1438295349810766,0.5311915874481201
1438295349989634,0.5204253792762756
1438295350027204,0.5204253792762756
1438295350092571,0.5306771397590637
1438295350242070,0.541815996170044
1438295350328529,0.5535241365432739
1438295350475709,0.5652322769165039
1438295350541973,0.5771301984786987
1438295350629845,0.5892096757888794
1438295350762866,0.601414144039154
1438295350842061,0.6137493848800659
1438295350910994,0.6260846257209778
1438295351058021,0.6384198665618896
1438295351126695,0.6507550477981567
1438295351193927,0.6634698510169983
1438295351345017,0.676506757736206
1438295351426084,0.6893539428710938
1438295351559713,0.7022011280059814
1438295351641888,0.7148541212081909
1438295351708928,0.7265361547470093
1438295351858183,0.7367387413978577
1438295351925791,0.7367387413978577
1438295352009272,0.7367387413978577
1438295352159663,0.7259401082992554
1438295352225789,0.7137726545333862
1438295352291932,0.700615406036377
1438295352444122,0.6870507597923279
1438295352509509,0.6740971207618713
1438295352660340,0.6615915298461914
1438295352743882,0.6495034694671631
1438295352808391,0.6372212171554565
1438295352958136,0.6245505809783936
1438295353025897,0.6107484102249146
1438295353110548,0.595761239528656
1438295353260708,0.5805599689483643
1438295353332039,0.5649304986000061
1438295353393865,0.5495150685310364
1438295353542409,0.5344880819320679
1438295353609860,0.5208203792572021
1438295353756996,0.5079376697540283
1438295353841832,0.49668508768081665
1438295353908716,0.49668508768081665
1438295354059566,0.49668508768081665
1438295354126978,0.49668508768081665
1438295354208576,0.49668508768081665
1438295354360178,0.49668508768081665
1438295354426152,0.4866451323032379
1438295354491756,0.4866451323032379
1438295354641935,0.4866451323032379
1438295354708540,0.4866451323032379
1438295354858393,0.49737548828125
1438295354941960,0.5093792676925659
1438295355008527,0.5221932530403137
1438295355158167,0.5354365706443787
1438295355224281,0.5489055514335632
1438295355291630,0.5623745322227478
1438295355442612,0.5758435130119324
1438295355524849,0.5889052152633667
1438295355594915,0.6013558506965637
1438295355749597,0.6127882599830627
1438295355807832,0.623609721660614
1438295355958223,0.6346567869186401
1438295356025966,0.645703911781311
1438295356110176,0.6568579077720642
1438295356257695,0.6673687696456909
1438295356327121,0.6673687696456909
1438295356391138,0.6673687696456909
1438295356543196,0.6673687696456909
1438295356625939,0.6570666432380676
1438295356692450,0.6462963223457336
1438295356841892,0.635283350944519
1438295356912382,0.6240277290344238
1438295357058153,0.6127552390098572
1438295357129586,0.6019002795219421
1438295357213599,0.6019002795219421
1438295357358040,0.6019002795219421
1438295357423987,0.6127327084541321
1438295357493597,0.6233394145965576
1438295357670798,0.6337205171585083
1438295357725251,0.644101619720459
1438295357795899,0.6547083854675293
1438295357942033,0.6653777956962585
1438295358008468,0.6760472655296326
1438295358158118,0.6869718432426453
1438295358224596,0.6985922455787659
1438295358315870,0.7104392647743225
1438295358459387,0.722072184085846
1438295358524712,0.7332768440246582
1438295358592555,0.7438392639160156
1438295358741862,0.7438392639160156
1438295358808483,0.7438392639160156
1438295358958708,0.7438392639160156
1438295359041962,0.7438392639160156
1438295359108680,0.7438392639160156
1438295359259506,0.7438392639160156
1438295359324523,0.7438392639160156
1438295359407472,0.7541345357894897
1438295359543091,0.7646439075469971
1438295359624845,0.7753673791885376
1438295359690410,0.7863049507141113
1438295359843180,0.797432005405426
1438295359907000,0.8083134293556213
1438295360058270,0.8191949129104614
1438295360142580,0.8298307657241821
1438295360231137,0.8401855230331421
1438295360356973,0.8503262400627136
1438295360424629,0.8604668974876404
1438295360507365,0.8717170357704163
1438295360643310,0.8832201361656189
1438295360730301,0.8940420746803284
1438295360791058,0.9044357538223267
1438295360940049,0.9044357538223267
1438295361012898,0.9044357538223267
1438295361157084,0.8942756652832031
1438295361224436,0.8833953142166138
1438295361308730,0.8725150227546692
1438295361466774,0.8609821796417236
1438295361524365,0.8479311466217041
1438295361609581,0.834627091884613
1438295361741919,0.8218623399734497
1438295361825749,0.8098900318145752
1438295361902466,0.7986102104187012
1438295362040559,0.7986102104187012
1438295362107278,0.7986102104187012
1438295362256702,0.7986102104187012
1438295362322994,0.7986102104187012
1438295362407438,0.7986102104187012
1438295362556848,0.7986102104187012
1438295362625608,0.7986102104187012
1438295362690348,0.7986102104187012
1438295362841385,0.7986102104187012
1438295362924723,0.7986102104187012
1438295362992509,0.7986102104187012
1438295363139535,0.7986102104187012
1438295363208560,0.7986102104187012
1438295363355057,0.8091896176338196
1438295363430545,0.8202477097511292
1438295363509136,0.8313058018684387
1438295363641562,0.8423639535903931
1438295363724712,0.853196382522583
1438295363789933,0.8638031482696533
1438295363940755,0.874219536781311
1438295364025886,0.8843829035758972
1438295364089927,0.8966760039329529
1438295364241829,0.9101287722587585
1438295364307352,0.9242773652076721
1438295364458309,0.9386579394340515
1438295364523161,0.9530384540557861
1438295364607430,0.9671871066093445
1438295364739083,0.9813356995582581
1438295364825415,0.9954842925071716
1438295364892362,1.0
1438295365041927,1.0
1438295365125199,1.0
1438295365192573,1.0
1438295365350138,1.0
1438295365408434,1.0
1438295365558265,1.0
1438295365623233,1.0
1438295365707170,1.0
1438295365839427,1.0
1438295365923304,1.0
1438295365993694,1.0
1438295366139432,1.0
1438295366206564,1.0
1438295366289241,1.0
1438295366439446,1.0
1438295366506521,1.0
1438295366655617,1.0
1438295366721776,1.0
1438295366808586,1.0
1438295366940675,1.0
1438295367023717,1.0
1438295367089852,1.0
1438295367241505,1.0
1438295367308475,1.0
1438295367389935,1.0
1438295367540941,1.0
1438295367607186,1.0
1438295367761266,1.0
1438295367821874,1.0
1438295367910994,1.0
1438295368038769,1.0
1438295368123856,1.0
1438295368192512,1.0
1438295368341820,1.0
1438295368404710,1.0
1438295368490043,1.0
1438295368623130,1.0
1438295368705854,1.0
1438295368858098,1.0
1438295368923682,1.0
1438295369009924,1.0
1438295369138787,1.0
1438295369226379,1.0
1438295369301655,1.0
1438295369439508,1.0
1438295369513322,1.0
1438295369590064,1.0
1438295369724194,1.0
1438295369831030,1.0
1438295369955019,1.0
1438295370024471,1.0
1438295370094206,1.0
1438295370240546,1.0
1438295370323757,1.0
1438295370390990,1.0
1438295370539365,1.0
1438295370608746,1.0
1438295370673126,1.0
1438295370822053,1.0
1438295370907132,1.0
1438295371040761,1.0
1438295371121975,1.0
1438295371188501,1.0
1438295371337955,1.0
1438295371424435,1.0
1438295371488874,1.0
1438295371639529,1.0
1438295371705849,1.0
1438295371860018,1.0
1438295371921691,1.0
1438295372006612,1.0
1438295372140786,1.0
1438295372223603,1.0
1438295372290749,1.0
1438295372439697,1.0
1438295372507171,1.0
1438295372591261,1.0
1438295372740045,1.0
1438295372807094,1.0
1438295372957809,1.0
1438295373030494,1.0
1438295373105974,1.0
1438295373238117,1.0
1438295373322804,1.0
1438295373388505,1.0
1438295373538076,1.0
1438295373606193,1.0
1438295373687852,1.0
1438295373839310,1.0
1438295373903874,1.0
1438295374055168,1.0
1438295374124450,1.0
1438295374188413,1.0
1438295374338004,1.0
1438295374421871,1.0
1438295374491066,1.0
1438295374637715,1.0
1438295374707024,1.0
1438295374772557,1.0
1438295374950159,1.0
1438295375007032,1.0
1438295375155613,1.0
1438295375222113,1.0
1438295375288631,1.0
1438295375438089,1.0
1438295375522078,1.0
1438295375591585,1.0
1438295375737357,1.0
1438295375804635,1.0
1438295375888595,1.0
1438295376020840,1.0
1438295376106425,1.0
1438295376255570,1.0
1438295376321842,1.0
1438295376389329,1.0
1438295376539415,1.0
1438295376620672,1.0
1438295376688512,1.0
1438295376836836,1.0
1438295376904440,1.0
1438295376972469,1.0
1438295377121236,1.0
1438295377204511,1.0
1438295377368787,1.0
1438295377422884,1.0
1438295377511205,1.0
1438295377638020,1.0
1438295377707654,1.0
1438295377788646,1.0
1438295377938305,1.0
1438295378004742,1.0
1438295378073648,1.0
1438295378224433,1.0
1438295378286868,1.0
1438295378442989,1.0
1438295378520529,1.0
1438295378588262,1.0
1438295378737579,1.0
1438295378804600,1.0
1438295378890452,1.0
1438295379037981,1.0
1438295379104633,0.9899274110794067
1438295379170800,0.9772962927818298
1438295379320205,0.9605963230133057
1438295379386982,0.9438962936401367
1438295379536641,0.9271963238716125
1438295379620791,0.9104962944984436
1438295379688578,0.8937963247299194
1438295379838153,0.8770962953567505
1438295379904365,0.8603963255882263
1438295379987288,0.8436962962150574
1438295380139441,0.8269963264465332
1438295380204599,0.8102962970733643
1438295380273685,0.7935963273048401
1438295380424248,0.7768962979316711
1438295380488924,0.760196328163147
1438295380638773,0.7442287802696228
1438295380721313,0.7295796275138855
1438295380788403,0.7177671194076538
1438295380939234,0.7177671194076538
1438295381003737,0.7287832498550415
1438295381088543,0.7406943440437317
1438295381222577,0.7525179982185364
1438295381306716,0.7643416523933411
1438295381396152,0.7761300206184387
1438295381520604,0.7879184484481812
1438295381588467,0.7997068166732788
1438295381738695,0.8115973472595215
1438295381804439,0.8234333395957947
1438295381889797,0.8352692723274231
1438295382039476,0.8471052646636963
1438295382105674,0.8589412569999695
1438295382171283,0.8707772493362427
1438295382320771,0.8827650547027588
1438295382404457,0.8946842551231384
1438295382471080,0.9058205485343933
1438295382630608,0.9058205485343933
1438295382689651,0.9058205485343933
1438295382834982,0.8946006298065186
1438295382903279,0.8829044699668884
1438295382988372,0.8721483945846558
1438295383136219,0.8721483945846558
1438295383204417,0.8721483945846558
1438295383275988,0.8721483945846558
1438295383420518,0.8721483945846558
1438295383505011,0.8721483945846558
1438295383574334,0.8721483945846558
1438295383720928,0.8721483945846558
1438295383787277,0.8721483945846558
1438295383939499,0.8721483945846558
1438295384010687,0.8721483945846558
1438295384088714,0.8619174957275391
1438295384238121,0.8513848185539246
1438295384306296,0.8410260677337646
1438295384369710,0.8306673765182495
1438295384520129,0.8201754093170166
1438295384587039,0.8095057606697083
1438295384738683,0.7983433604240417
1438295384823154,0.7867191433906555
1438295384888942,0.7751452922821045
1438295385036758,0.7635715007781982
1438295385102826,0.7521646618843079
1438295385193420,0.7414258122444153
1438295385322013,0.7308676838874817
1438295385410406,0.7205637097358704
1438295385470019,0.7094651460647583
1438295385619950,0.6985405683517456
1438295385687141,0.6874188184738159
1438295385836112,0.6764594912528992
1438295385922447,0.6661127209663391
1438295385987115,0.6557660102844238
1438295386136721,0.6557660102844238
1438295386204582,0.6557660102844238
1438295386288420,0.6557660102844238
1438295386422007,0.6557660102844238
1438295386505816,0.6557660102844238
1438295386569814,0.6557660102844238
1438295386720578,0.6557660102844238
1438295386787000,0.6557660102844238
1438295386936715,0.6557660102844238
1438295387019492,0.6457080245018005
1438295387112080,0.6354603171348572
1438295387236912,0.6354603171348572
1438295387303200,0.6250737309455872
1438295387387130,0.6138724684715271
1438295387519452,0.6013475060462952
1438295387603045,0.5871524810791016
1438295387673117,0.5704525113105774
1438295387822401,0.5537524819374084
1438295387886284,0.5370525121688843
1438295388041191,0.5203524827957153
1438295388120763,0.5036525130271912
1438295388200762,0.4869524836540222
1438295388336719,0.47025248408317566
1438295388402450,0.4535524845123291
1438295388488517,0.43685248494148254
1438295388619427,0.420152485370636
1438295388704715,0.40368443727493286
1438295388769917,0.38721638917922974
1438295388919422,0.3705163896083832
1438295388985728,0.3538163900375366
1438295389136877,0.33711639046669006
1438295389202905,0.3204163908958435
1438295389285715,0.30371639132499695
1438295389444365,0.2870163917541504
1438295389503159,0.27031639218330383
1438295389587224,0.2536163926124573
1438295389719303,0.23691639304161072
1438295389802488,0.22021639347076416
1438295389870096,0.20482300221920013
1438295390021360,0.19093772768974304
1438295390088942,0.17805051803588867
1438295390239322,0.16527768969535828
1438295390310636,0.15234112739562988
1438295390387625,0.13929018378257751
1438295390518576,0.12651735544204712
1438295390605624,0.11413701623678207
1438295390670820,0.10304854065179825
1438295390821731,0.10304854065179825
1438295390903348,0.11484149098396301
1438295390969748,0.12821750342845917
1438295391119801,0.14227066934108734
1438295391187878,0.15632383525371552
1438295391336704,0.17049138247966766
1438295391401402,0.18494030833244324
1438295391487348,0.1993892341852188
1438295391622796,0.2141084372997284
1438295391703267,0.22899463772773743
1438295391772091,0.24376484751701355
1438295391919248,0.25841909646987915
1438295391987047,0.2728413939476013
1438295392069018,0.2872637212276459
1438295392229314,0.30168601870536804
1438295392286379,0.3157743215560913
1438295392436800,0.32902762293815613
1438295392503018,0.34087997674942017
1438295392587539,0.35117074847221375
1438295392718180,0.35117074847221375
1438295392805554,0.35117074847221375
1438295392873599,0.35117074847221375
1438295393020296,0.35117074847221375
1438295393086970,0.3410223722457886
1438295393169335,0.32983022928237915
1438295393321058,0.316893607378006
1438295393388240,0.304765522480011
1438295393540021,0.29350724816322327
1438295393601715,0.2832314372062683
1438295393688523,0.2832314372062683
1438295393819363,0.2832314372062683
1438295393901225,0.2832314372062683
1438295393969224,0.2832314372062683
1438295394119425,0.2832314372062683
1438295394199449,0.2832314372062683
1438295394269654,0.2832314372062683
1438295394418739,0.2832314372062683
1438295394488042,0.2832314372062683
1438295394635594,0.27297288179397583
1438295394704636,0.2618792951107025
1438295394790629,0.25042787194252014
1438295394917236,0.23862896859645844
1438295395001728,0.22665609419345856
1438295395070982,0.21416135132312775
1438295395220498,0.20209771394729614
1438295395288676,0.19051814079284668
1438295395369829,0.17872679233551025
1438295395501911,0.16618666052818298
1438295395587124,0.15319272875785828
1438295395736272,0.1399189531803131
1438295395801739,0.12671324610710144
1438295395869773,0.11352266371250153
1438295396018777,0.10144791007041931
1438295396102109,0.09073412418365479
1438295396169376,0.08031708747148514
1438295396317951,0.06996786594390869
1438295396387438,0.05986789986491203
1438295396454869,0.05986789986491203
1438295396602959,0.05986789986491203
1438295396710911,0.05986789986491203
1438295396836275,0.05986789986491203
1438295396901705,0.05986789986491203
1438295396968562,0.05986789986491203
1438295397117544,0.05986789986491203
1438295397201796,0.05986789986491203
1438295397271092,0.05986789986491203
1438295397418950,0.05986789986491203
1438295397488270,0.05986789986491203
1438295397637985,0.05986789986491203
1438295397704288,0.05986789986491203
1438295397785559,0.05986789986491203
1438295397937399,0.05986789986491203
1438295398001736,0.05986789986491203
1438295398067839,0.05986789986491203
1438295398221123,0.05986789986491203
1438295398301790,0.05986789986491203
1438295398371121,0.05986789986491203
1438295398519262,0.05986789986491203
1438295398587386,0.05986789986491203
1438295398734335,0.05986789986491203
1438295398804176,0.05986789986491203
1438295398887041,0.05986789986491203
1438295399018010,0.05986789986491203
1438295399103788,0.05986789986491203
1438295399168368,0.05986789986491203
1438295399318070,0.05986789986491203
1438295399385666,0.07049517333507538
1438295399469683,0.08207131177186966
1438295399619897,0.09364744275808334
1438295399686542,0.10484403371810913
1438295399834245,0.11585085093975067
1438295399910318,0.12666790187358856
1438295399969706,0.1372951716184616
1438295400120671,0.14792244136333466
1438295400200150,0.1584084928035736
1438295400270041,0.1690887212753296
1438295400418087,0.1799631416797638
1438295400488304,0.19122593104839325
1438295400570633,0.20287708938121796
1438295400718027,0.2147224396467209
1438295400785057,0.22676198184490204
1438295400935498,0.23918989300727844
1438295401001228,0.2518119812011719
1438295401068250,0.26411888003349304
1438295401221878,0.27523812651634216
1438295401304281,0.28543713688850403
1438295401368239,0.2956135869026184
1438295401517405,0.30748990178108215
1438295401584555,0.3219131529331207
1438295401671115,0.3372819721698761
1438295401830453,0.35265082120895386
1438295401885100,0.3680196702480316
1438295402034187,0.38326749205589294
1438295402101662,0.3986363410949707
1438295402170083,0.4140051603317261
1438295402320908,0.42937400937080383
1438295402404281,0.4447428584098816
1438295402470908,0.46011170744895935
1438295402617866,0.4754805266857147
1438295402684377,0.4908493757247925
1438295402751093,0.5062181949615479
1438295402905312,0.521587073802948
1438295402984823,0.5369558930397034
1438295403136718,0.5523247122764587
1438295403201670,0.5657455325126648
1438295403268532,0.5763540267944336
1438295403418194,0.5763540267944336
1438295403486859,0.5763540267944336
1438295403571037,0.5763540267944336
1438295403750513,0.5763540267944336
1438295403784610,0.5763540267944336
1438295403854923,0.5763540267944336
1438295404002999,0.5763540267944336
1438295404086459,0.5763540267944336
1438295404239931,0.5763540267944336
1438295404302366,0.5763540267944336
1438295404389868,0.5763540267944336
1438295404518811,0.5763540267944336
1438295404585637,0.5763540267944336
1438295404670877,0.5763540267944336
1438295404817639,0.5648883581161499
1438295404884550,0.5534226894378662
1438295404953385,0.5418323874473572
1438295405102549,0.529560387134552
1438295405168171,0.5164028406143188
1438295405316659,0.5019801259040833
1438295405402338,0.48654526472091675
1438295405479724,0.4709838926792145
1438295405620319,0.4558653235435486
1438295405683531,0.4412761926651001
1438295405769132,0.42777019739151
1438295405918511,0.4157269299030304
1438295405986067,0.4041745364665985
1438295406052253,0.3926750719547272
1438295406201714,0.38117560744285583
1438295406310844,0.3696761727333069
1438295406419605,0.35817670822143555
1438295406503502,0.3466772437095642
1438295406575890,0.33517780900001526
1438295406717832,0.3236783444881439
1438295406784238,0.31198468804359436
1438295406868243,0.300336629152298
1438295407002324,0.2881676256656647
1438295407084485,0.27546846866607666
1438295407151029,0.26276934146881104
1438295407300465,0.2506527304649353
1438295407366902,0.2395070642232895
1438295407519144,0.22874978184700012
1438295407590648,0.21799248456954956
1438295407667516,0.20704101026058197
1438295407819200,0.19647790491580963
1438295407884259,0.18610899150371552
1438295407967094,0.17593425512313843
1438295408103064,0.16575953364372253
1438295408187557,0.1540050059556961
1438295408253367,0.14205630123615265
1438295408400373,0.1302422732114792
1438295408468130,0.11889178305864334
1438295408621296,0.10796961188316345
1438295408682908,0.09765228629112244
1438295408767584,0.09765228629112244
1438295408917989,0.09765228629112244
1438295408984232,0.09765228629112244
1438295409070903,0.08683198690414429
1438295409200367,0.07400254160165787
1438295409285108,0.06097891181707382
1438295409352878,0.048007942736148834
1438295409510568,0.035089634358882904
1438295409565780,0.022541197016835213
1438295409718611,0.010186946950852871
1438295409785424,0.0
1438295409866997,0.0
1438295410018737,0.0
1438295410085492,0.0
1438295410168543,0.0
1438295410301565,0.0
1438295410383315,0.0
1438295410519150,0.0
1438295410600471,0.0
1438295410667078,0.0
1438295410816596,0.0
1438295410882907,0.0
1438295410978600,0.0
1438295411099873,0.0
1438295411185704,0.0
1438295411251463,0.0
1438295411430678,0.0
1438295411485099,0.0
1438295411616802,0.0
1438295411703275,0.0
1438295411768950,0.0
1438295411919355,0.0
1438295411982413,0.0
1438295412070129,0.0
1438295412205507,0.0
1438295412284522,0.0
1438295412350057,0.0
1438295412500890,0.0
1438295412584407,0.0
1438295412719175,0.0
1438295412801674,0.0
1438295412868926,0.0
1438295413016018,0.0
1438295413083345,0.0
1438295413169735,0.0
1438295413298400,0.0
1438295413384583,0.0
1438295413451695,0.0
1438295413600378,0.010217491537332535
1438295413666977,0.021138345822691917
1438295413818109,0.03244757279753685
1438295413901033,0.04375679790973663
1438295413989648,0.05397689342498779
1438295414119045,0.06419698894023895
1438295414185250,0.07441708445549011
1438295414267206,0.08463717997074127
1438295414404745,0.09485727548599243
1438295414484504,0.09485727548599243
1438295414552361,0.09485727548599243
1438295414700248,0.09485727548599243
1438295414773912,0.08435012400150299
1438295414916259,0.07384297251701355
1438295414984714,0.06333582103252411
1438295415067081,0.05282866582274437
1438295415219378,0.04232151061296463
1438295415282979,0.03181435540318489
1438295415367161,0.02130720391869545
1438295415498976,0.010800049640238285
1438295415584852,0.00029289579833857715
1438295415651505,0.0
1438295415801563,0.0
1438295415870680,0.0
1438295416016009,0.0
1438295416085491,0.0
1438295416168178,0.0
1438295416315989,0.0
1438295416386274,0.0
1438295416452170,0.0
1438295416601796,0.0
1438295416683044,0.0
1438295416749566,0.0
1438295416900697,0.0
1438295416970054,0.0
1438295417117921,0.0
1438295417189269,0.0
1438295417268512,0.0
1438295417401637,0.0
1438295417482891,0.0
1438295417551999,0.0
1438295417701548,0.0
1438295417783045,0.0
1438295417849837,0.0
1438295418006648,0.0
1438295418066203,0.0
1438295418217927,0.0
1438295418285857,0.0
1438295418365603,0.0
1438295418499087,0.0
1438295418585541,0.0
1438295418649980,0.0
1438295418799340,0.0
1438295418883138,0.0
1438295418949658,0.0
1438295419111195,0.0
1438295419165616,0.0
1438295419317308,0.0
1438295419382947,0.0
1438295419466864,0.0
1438295419600506,0.0
1438295419682804,0.0
1438295419753217,0.0
1438295419902346,0.0
1438295419967956,0.0
1438295420049609,0.0
1438295420199269,0.0
1438295420268141,0.0
1438295420415426,0.0
1438295420485551,0.0
1438295420565765,0.0
1438295420700333,0.0
1438295420786173,0.0
1438295420849631,0.0
1438295421002108,0.0
1438295421067565,0.0
1438295421151925,0.0
1438295421299352,0.0
1438295421367492,0.0
1438295421517032,0.0
1438295421586230,0.0
1438295421672017,0.0
1438295421804614,0.0
1438295421884973,0.0
1438295421949760,0.0
1438295422099044,0.0
1438295422166166,0.0
1438295422235425,0.0
1438295422383314,0.0
1438295422466335,0.0
1438295422615018,0.0
1438295422683634,0.0
1438295422749419,0.0
1438295422908347,0.0
1438295422983553,0.0
1438295423050092,0.0
1438295423199682,0.0
1438295423267452,0.0
1438295423417161,0.0
1438295423483981,0.0
1438295423590699,0.0
1438295423715809,0.0
1438295423784878,0.0
1438295423850935,0.0
1438295424000686,0.0
1438295424084268,0.0
1438295424150874,0.0
1438295424298954,0.0
1438295424365631,0.0
1438295424515099,0.0
1438295424584720,0.0
1438295424664243,0.0
1438295424798770,0.0
1438295424883627,0.0
1438295424948362,0.0
1438295425098992,0.0
1438295425165388,0.0
1438295425248392,0.0
1438295425398974,0.0
1438295425464886,0.010126595385372639
1438295425615226,0.020253190770745277
1438295425689666,0.03037978708744049
1438295425750069,0.03037978708744049
1438295425897819,0.03037978708744049
1438295425983992,0.03037978708744049
1438295426048458,0.040908049792051315
1438295426201258,0.0519808754324913
1438295426267312,0.06323522329330444
1438295426350067,0.07448957115411758
1438295426499730,0.08562290668487549
1438295426566153,0.09661935269832611
1438295426714951,0.09661935269832611
1438295426789734,0.08580541610717773
1438295426850849,0.07348574697971344
1438295426997118,0.0607554167509079
1438295427085806,0.04788820445537567
1438295427147912,0.035020992159843445
1438295427297911,0.02215377800166607
1438295427376277,0.009149678982794285
1438295427447379,0.0
1438295427598331,0.0
1438295427665940,0.0
1438295427816785,0.0
1438295427880879,0.0
1438295427950653,0.0
1438295428100634,0.0
1438295428182431,0.0
1438295428250737,0.0
1438295428398370,0.0
1438295428464777,0.0
1438295428549381,0.0
1438295428709737,0.0
1438295428765062,0.0
1438295428915300,0.0
1438295428979982,0.0
1438295429047358,0.0
1438295429197947,0.0
1438295429266138,0.0
1438295429351377,0.0
1438295429499418,0.0
1438295429568012,0.0
1438295429632552,0.0
1438295429783311,0.0
1438295429865669,0.0
1438295430013327,0.0
1438295430079871,0.0
1438295430151905,0.0
1438295430299671,0.0
1438295430366265,0.0
1438295430451481,0.0
1438295430599063,0.0
1438295430665500,0.0
1438295430730819,0.0
1438295430880174,0.0
1438295430964806,0.0
1438295431115141,0.0
1438295431181994,0.0
1438295431270737,0.0
1438295431398354,0.0
1438295431466493,0.0
1438295431548641,0.0
1438295431697816,0.0
1438295431764328,0.0
1438295431832103,0.0
1438295431982730,0.0
1438295432049965,0.0
1438295432197963,0.0
1438295432282208,0.0
1438295432348844,0.0
1438295432501347,0.0
1438295432567257,0.0
1438295432650020,0.0
1438295432781549,0.0
1438295432864882,0.0
1438295432930924,0.0
1438295433082671,0.0
1438295433146787,0.0
1438295433301302,0.0
1438295433383615,0.0
1438295433448778,0.0
1438295433598658,0.0
1438295433664818,0.0
1438295433747120,0.0
1438295433887202,0.0
1438295433964981,0.0
1438295434030896,0.0
1438295434180259,0.0
1438295434249334,0.0
1438295434400188,0.0
1438295434470201,0.0
1438295434549393,0.0
1438295434695757,0.0
1438295434764076,0.0
1438295434848514,0.0
1438295434980750,0.0
1438295435063059,0.0
1438295435130842,0.0
1438295435280087,0.0
1438295435345516,0.0
1438295435497272,0.0
1438295435562919,0.0
1438295435649553,0.0
1438295435797374,0.0
1438295435864309,0.0
1438295435947036,0.0
1438295436080054,0.0
1438295436162201,0.0
1438295436297196,0.0
1438295436390372,0.0
1438295436446066,0.0
1438295436598820,0.0
1438295436665505,0.0
1438295436754256,0.0
1438295436898290,0.0
1438295436962716,0.0
1438295437033156,0.0
1438295437180149,0.0
1438295437265634,0.0
1438295437396262,0.0
1438295437480737,0.0
1438295437546283,0.0
1438295437699649,0.0
1438295437762721,0.0
1438295437849965,0.0
1438295437980787,0.0
1438295438066037,0.0
1438295438132057,0.0
1438295438281939,0.0
1438295438365642,0.0
1438295438496379,0.0
1438295438581959,0.0
1438295438648674,0.0
1438295438796624,0.0
1438295438862613,0.0
1438295438951704,0.0
1438295439078338,0.0
1438295439166334,0.0
1438295439231296,0.0
1438295439380546,0.0
1438295439449089,0.0
1438295439602522,0.0
1438295439680381,0.0
1438295439747815,0.0
1438295439900249,0.0
1438295439964747,0.0
1438295440046973,0.0
1438295440182003,0.0
1438295440262650,0.0
1438295440329685,0.0
1438295440481383,0.0
1438295440545461,0.0
1438295440695815,0.0
1438295440780938,0.0
1438295440870032,0.0
1438295440998868,0.0
1438295441062672,0.0
1438295441148262,0.0
1438295441278438,0.0
1438295441365687,0.0
1438295441431736,0.0
1438295441581676,0.0
1438295441647518,0.0
1438295441798428,0.0
1438295441862806,0.0
1438295441944876,0.0
1438295442097066,0.012872916646301746
1438295442164693,0.02597777731716633
1438295442248054,0.0391986109316349
1438295442379516,0.05265139043331146
1438295442463683,0.06622014194726944
1438295442528637,0.08002083003520966
1438295442680473,0.09382152557373047
1438295442746845,0.10762222111225128
1438295442894555,0.1214229166507721
1438295442960934,0.1352236121892929
1438295443047348,0.14902430772781372
1438295443196500,0.16282500326633453
1438295443261713,0.17604583501815796
1438295443328616,0.1888027787208557
1438295443478594,0.20190763473510742
1438295443561311,0.21628819406032562
1438295443629244,0.23069927096366882
1438295443778268,0.24367594718933105
1438295443845712,0.2547706067562103
1438295443997635,0.2547706067562103
1438295444069090,0.2547706067562103
1438295444145347,0.2547706067562103
1438295444294619,0.2547706067562103
1438295444361228,0.2547706067562103
1438295444427531,0.2547706067562103
1438295444579595,0.2547706067562103
1438295444663049,0.24355775117874146
1438295444728164,0.23234489560127258
1438295444884466,0.2211320400238037
1438295444945056,0.20991918444633484
1438295445095172,0.19870632886886597
1438295445161578,0.1824834644794464
1438295445246077,0.16626061499118805
1438295445377712,0.1505149006843567
1438295445461624,0.13570106029510498
1438295445530474,0.12134623527526855
1438295445681407,0.10718335956335068
1438295445761548,0.09311646968126297
1438295445831082,0.07844451069831848
1438295445988438,0.06315311044454575
1438295446045940,0.0472477450966835
1438295446196352,0.03121958300471306
1438295446264608,0.015191422775387764
1438295446344841,0.0
1438295446478471,0.0
1438295446560908,0.0
1438295446629664,0.0
1438295446777565,0.0
1438295446844903,0.0
1438295446927629,0.0
1438295447078520,0.0
1438295447145071,0.0
1438295447295010,0.0
1438295447361239,0.0
1438295447428709,0.0
1438295447577620,0.0
1438295447660835,0.0
1438295447728163,0.0
1438295447877046,0.0
1438295447945537,0.0
1438295448013743,0.0
1438295448178899,0.0
1438295448245413,0.0
1438295448395210,0.0
1438295448461553,0.0
1438295448550650,0.0
1438295448679650,0.0
1438295448763518,0.0
1438295448827622,0.0
1438295448978549,0.0
1438295449044973,0.0
1438295449201999,0.0
1438295449263880,0.0
1438295449345073,0.0
1438295449495107,0.0
1438295449560940,0.0
1438295449628216,0.0
1438295449780769,0.0
1438295449860866,0.0
1438295449932809,0.0
1438295450078859,0.0
1438295450144765,0.0
1438295450293861,0.0
1438295450362539,0.0
1438295450468661,0.0
1438295450595447,0.0
1438295450662286,0.0
1438295450727411,0.0
1438295450876980,0.0
1438295450947446,0.0
1438295451030570,0.0
1438295451177022,0.0
1438295451246749,0.0
1438295451395120,0.0
1438295451462384,0.0
1438295451528202,0.0
1438295451682878,0.0
1438295451762788,0.0
1438295451830041,0.0
1438295451977041,0.0
1438295452044688,0.0
1438295452131162,0.0
1438295452277629,0.0
1438295452343486,0.0
1438295452505121,0.0
1438295452561295,0.0
1438295452629325,0.0
1438295452776333,0.0
1438295452862185,0.0
1438295452927381,0.0
1438295453077765,0.0
1438295453146578,0.0
1438295453228390,0.0
1438295453377073,0.0
1438295453446129,0.0
1438295453593142,0.0
1438295453669741,0.0
1438295453728535,0.0
1438295453880950,0.0
1438295453960062,0.0
1438295454045476,0.0
1438295454177229,0.0
1438295454246121,0.0
1438295454328725,0.0
1438295454463937,0.0
1438295454543348,0.0
1438295454695007,0.0
1438295454762710,0.0
1438295454827643,0.0
1438295454976284,0.0
1438295455046512,0.0
1438295455126848,0.0
1438295455277660,0.0
1438295455347276,0.0
1438295455428744,0.0
1438295455561247,0.0
1438295455646808,0.0
1438295455793633,0.0
1438295455863289,0.0
1438295455926784,0.0
1438295456077443,0.0
1438295456143879,0.0
1438295456232728,0.0
1438295456378177,0.0
1438295456444244,0.0
1438295456528751,0.0
1438295456660049,0.0
1438295456744092,0.0
1438295456893787,0.0
1438295456960202,0.0
1438295457027078,0.0
1438295457177644,0.0
1438295457243521,0.0
1438295457327432,0.0
1438295457510096,0.0
1438295457545305,0.0
1438295457610751,0.0
1438295457761963,0.0
1438295457843868,0.0
1438295457978964,0.0
1438295458065723,0.0
1438295458149265,0.0
1438295458287804,0.0
1438295458342138,0.0
1438295458427365,0.0
1438295458562915,0.0
1438295458643805,0.0
1438295458709852,0.0
1438295458862601,0.0
1438295458942888,0.0
1438295459083706,0.0
1438295459161709,0.0
1438295459226764,0.0
1438295459379425,0.0
1438295459443299,0.0
1438295459526927,0.0
1438295459659375,0.0
1438295459744168,0.0
1438295459810849,0.0
1438295459962919,0.0
1438295460028796,0.0
1438295460178261,0.0
1438295460259723,0.0
1438295460329086,0.0
1438295460476320,0.0
1438295460542807,0.0
1438295460627353,0.0
1438295460760753,0.0
1438295460855897,0.0
1438295460912874,0.0
1438295461061861,0.0
1438295461126597,0.0
1438295461278806,0.0
1438295461350130,0.0
1438295461430528,0.0
1438295461577528,0.0
1438295461642211,0.0
1438295461728160,0.0
1438295461859355,0.0
1438295461944172,0.0
1438295462089966,0.0
1438295462160118,0.0
1438295462226586,0.0
1438295462379991,0.0
1438295462442568,0.0
1438295462529296,0.0
1438295462677610,0.0
1438295462742932,0.0
1438295462826923,0.0
1438295462959926,0.0
1438295463044151,0.0
1438295463176197,0.0
1438295463270880,0.0
1438295463327207,0.0
1438295463476403,0.0
1438295463542775,0.0
1438295463627609,0.0
1438295463778126,0.0
1438295463845353,0.0
1438295463927993,0.0
1438295464059330,0.0
1438295464143694,0.0
1438295464278239,0.0
1438295464359559,0.0
1438295464431300,0.0
1438295464576226,0.0
1438295464645089,0.0
1438295464726737,0.0
1438295464860946,0.0
1438295464942193,0.0
1438295465011857,0.0
1438295465189940,0.0
1438295465244905,0.0
1438295465376952,0.011136649176478386
1438295465460087,0.02340596728026867
1438295465526072,0.036134980618953705
1438295465677768,0.04905463382601738
1438295465742118,0.061974283307790756
1438295465841107,0.07489393651485443
1438295465959337,0.08785334974527359
1438295466042257,0.1011706218123436
1438295466114956,0.11608133465051651
1438295466258840,0.13194634020328522
1438295466326561,0.14781133830547333
1438295466476212,0.16367633640766144
1438295466559471,0.17954133450984955
1438295466626616,0.19540633261203766
1438295466779393,0.21127133071422577
1438295466843883,0.22713632881641388
1438295466925876,0.24285398423671722
1438295467058788,0.2582266330718994
1438295467144637,0.2734764814376831
1438295467212719,0.2884807586669922
1438295467359687,0.30323946475982666
1438295467425911,0.3179706335067749
1438295467576219,0.3329763114452362
1438295467660181,0.3481581211090088
1438295467750734,0.3481581211090088
1438295467878490,0.3481581211090088
1438295467942313,0.3586408197879791
1438295468027250,0.3692229092121124
1438295468158254,0.3798049986362457
1438295468242206,0.39036673307418823
1438295468308779,0.40092843770980835
1438295468461317,0.41149017214775085
1438295468527814,0.4221328794956207
1438295468677583,0.4327755868434906
1438295468760876,0.4434182941913605
1438295468828114,0.45406097173690796
1438295468977011,0.46419453620910645
1438295469043962,0.46419453620910645
1438295469111855,0.46419453620910645
1438295469260152,0.46419453620910645
1438295469342846,0.46419453620910645
1438295469410594,0.4540843367576599
1438295469558839,0.44145750999450684
1438295469628661,0.42661306262016296
1438295469776275,0.4131747782230377
1438295469842672,0.40051931142807007
1438295469927996,0.3882552683353424
1438295470086331,0.37619414925575256
1438295470147856,0.36544087529182434
1438295470209499,0.36544087529182434
1438295470358702,0.36544087529182434
1438295470442829,0.3760901093482971
1438295470510569,0.38791415095329285
1438295470658731,0.4005770683288574
1438295470729241,0.4136764705181122
1438295470878058,0.4270452558994293
1438295470948807,0.44068336486816406
1438295471027882,0.4547255039215088
1438295471175710,0.4694167673587799
1438295471243457,0.48449426889419556
1438295471310695,0.49971097707748413
1438295471460799,0.5147885084152222
1438295471544244,0.5295876860618591
1438295471610585,0.5439693331718445
1438295471761308,0.5584619045257568
1438295471826628,0.5729544758796692
1438295471974977,0.5871415138244629
1438295472044746,0.6010230779647827
1438295472126768,0.6144973635673523
1438295472260586,0.6274624466896057
1438295472342641,0.63930743932724
1438295472409330,0.650337815284729
1438295472561129,0.6607744097709656
1438295472626575,0.6713958382606506
1438295472709964,0.6825931668281555
1438295472869564,0.6940784454345703
1438295472929062,0.7058516144752502
1438295473075660,0.7179127335548401
1438295473145732,0.7299738526344299
1438295473211127,0.7417933940887451
1438295473358753,0.7551785707473755
1438295473443889,0.7711678743362427
1438295473513011,0.7875799536705017
1438295473661360,0.8039920330047607
1438295473726756,0.8204041123390198
1438295473810667,0.836816132068634
1438295473958648,0.8532282114028931
1438295474035310,0.8696402907371521
1438295474180048,0.8860523700714111
1438295474245728,0.9023204445838928
1438295474310398,0.9185885787010193
1438295474458444,0.934856653213501
1438295474542498,0.9511247873306274
1438295474612526,0.9673928618431091
1438295474760575,0.9836609959602356
1438295474829702,0.9999290704727173
1438295474977945,1.0
1438295475060770,1.0
1438295475129770,1.0
1438295475276580,1.0
1438295475342651,1.0
1438295475429282,1.0
1438295475562989,1.0
1438295475645216,1.0
1438295475711893,1.0
1438295475857377,1.0
1438295475927932,1.0
1438295477176773,0.0
1438295477350501,0.0
1438295477392702,0.0
1438295477475441,0.0
1438295477611180,0.0
1438295477692940,0.0
1438295477824727,0.0
1438295477908708,0.0
1438295477990255,0.0
1438295478124560,0.0
1438295478193133,0.0
1438295478276809,0.0
1438295478429317,0.0
1438295478491931,0.0
1438295478563094,0.016699999570846558
1438295478708509,0.033399999141693115
1438295478793189,0.05009999871253967
1438295478924698,0.06679999828338623
1438295479011373,0.08349999785423279
1438295479077770,0.10019999742507935
1438295479226857,0.1168999969959259
1438295479291991,0.13359999656677246
1438295479380369,0.15029999613761902
1438295479508481,0.16699999570846558
1438295479591491,0.18369999527931213
1438295479663164,0.2003999948501587
1438295479808255,0.21709999442100525
1438295479909102,0.2337999939918518
1438295480024256,0.25049999356269836
1438295480109424,0.25049999356269836
1438295480175504,0.25049999356269836
1438295480337221,0.25049999356269836
1438295480391370,0.25049999356269836
1438295480478526,0.25049999356269836
1438295480609834,0.25049999356269836
1438295480691951,0.25049999356269836
1438295480761984,0.25049999356269836
1438295480908602,0.25049999356269836
1438295480975158,0.25049999356269836
1438295481127028,0.25049999356269836
1438295481207598,0.25049999356269836
1438295481275572,0.25049999356269836
1438295481426783,0.25049999356269836
1438295481493768,0.25049999356269836
1438295481575511,0.25049999356269836
1438295481706773,0.25049999356269836
1438295481791580,0.25049999356269836
1438295481859525,0.25049999356269836
1438295482011757,0.25049999356269836
1438295482075355,0.25049999356269836
1438295482234726,0.25049999356269836
1438295482309393,0.25049999356269836
1438295482378824,0.25049999356269836
1438295482527235,0.25049999356269836
1438295482593874,0.25049999356269836
1438295482679122,0.25049999356269836
1438295482809446,0.25049999356269836
1438295482893248,0.25049999356269836
1438295482960532,0.25049999356269836
1438295483112562,0.25049999356269836
1438295483178389,0.25049999356269836
1438295483324508,0.25049999356269836
1438295483394416,0.25049999356269836
1438295483475416,0.25049999356269836
1438295483624937,0.25049999356269836
1438295483690718,0.25049999356269836
1438295483759102,0.25049999356269836
1438295483909332,0.25049999356269836
1438295483993771,0.25049999356269836
1438295484060565,0.25049999356269836
1438295484211064,0.25049999356269836
1438295484276664,0.25049999356269836
1438295484425008,0.24006250500679016
1438295484493735,0.22892916202545166
1438295484575807,0.21779583394527435
1438295484726693,0.20666250586509705
1438295484793837,0.19552916288375854
1438295484858073,0.18439583480358124
1438295485029637,0.17326250672340393
1438295485094297,0.16212916374206543
1438295485159245,0.15099583566188812
1438295485309087,0.13986249268054962
1438295485379958,0.12872916460037231
1438295485526579,0.11759583652019501
1438295485590596,0.1064625009894371
1438295485674534,0.0953291654586792
1438295485809246,0.0841958299279213
1438295485891402,0.07306250184774399
1438295485960626,0.061929166316986084
1438295486108565,0.05079583451151848
1438295486193930,0.039662498980760574
1438295486262014,0.02852916717529297
1438295486409829,0.017395833507180214
1438295486475237,0.006262499839067459
1438295486625438,0.0
1438295486694403,0.0
1438295486775187,0.0
1438295486909719,0.0
1438295486991328,0.0
1438295487058607,0.0
1438295487209860,0.0
1438295487275716,0.0
1438295487360709,0.0
1438295487508706,0.0
1438295487590190,0.0
1438295487724171,0.0
1438295487791736,0.0
1438295487861030,0.0
1438295488009001,0.0
1438295488092504,0.0
1438295488160381,0.0
1438295488310431,0.0
1438295488375285,0.0
1438295488459873,0.0
1438295488607606,0.0
1438295488673987,0.0
1438295488825545,0.0
1438295488890865,0.0
1438295488958003,0.0
1438295489109885,0.0
1438295489191327,0.0
1438295489258227,0.0
1438295489409894,0.0
1438295489476562,0.0
1438295489624821,0.0
1438295489711647,0.0
1438295489773391,0.0
1438295489925333,0.0
1438295489991490,0.0
1438295490057878,0.0
1438295490209034,0.0
1438295490291208,0.0
1438295490359265,0.0
1438295490507844,0.0
1438295490576332,0.0
1438295490725913,0.0
1438295490793622,0.0
1438295490876270,0.0
1438295491025878,0.0
1438295491093903,0.0
1438295491157918,0.0
1438295491310422,0.0
1438295491375747,0.0
1438295491458007,0.0
1438295491606792,0.0
1438295491674042,0.0
1438295491824586,0.0
1438295491891397,0.0
1438295491978515,0.0
1438295492125285,0.0
1438295492191917,0.0
1438295492265616,0.0
1438295492410388,0.0
1438295492474566,0.0
1438295492560405,0.0
1438295492710019,0.0
1438295492776347,0.0
1438295492923378,0.0
1438295492990132,0.0
1438295493058506,0.0
1438295493207074,0.0
1438295493290097,0.0
1438295493357964,0.0
1438295493505996,0.0
1438295493572550,0.0
1438295493657963,0.0
1438295493809808,0.0
1438295493874596,0.0
1438295494032163,0.0
1438295494092375,0.0
1438295494158484,0.0
1438295494314178,0.0
1438295494390335,0.0
1438295494456764,0.0
1438295494629174,0.0
1438295494676421,0.0
1438295494756838,0.0
1438295494892357,0.0
1438295494976389,0.0
1438295495124084,0.0
1438295495193262,0.0
1438295495270474,0.0
1438295495406164,0.0
1438295495495019,0.0
1438295495564045,0.0
1438295495705848,0.0
1438295495773874,0.0
1438295495857030,0.0
1438295495991870,0.0
1438295496075894,0.0
1438295496223597,0.0
1438295496289672,0.0
1438295496357801,0.0
1438295496505495,0.0
1438295496573538,0.0
1438295496659920,0.0
1438295496819944,0.014890833757817745
1438295496875768,0.030477499589323997
1438295496955890,0.046064168214797974
1438295497089934,0.0616508349776268
1438295497190195,0.07723750174045563
1438295497323135,0.09282416850328445
1438295497391112,0.10841083526611328
1438295497458444,0.12399750202894211
1438295497608703,0.13958416879177094
1438295497674061,0.15517082810401917
1438295497756885,0.17131416499614716
1438295497909853,0.1880141645669937
1438295497986552,0.20471416413784027
1438295498040516,0.22141416370868683
1438295498190087,0.2381141632795334
1438295498274089,0.2542575001716614
1438295498407655,0.2542575001716614
1438295498491965,0.2542575001716614
1438295498559197,0.2542575001716614
1438295498705962,0.2542575001716614
1438295498775092,0.2542575001716614
1438295498856601,0.2542575001716614
1438295498990027,0.2542575001716614
1438295499074545,0.2542575001716614
1438295499139091,0.2542575001716614
1438295499289981,0.2542575001716614
1438295499372740,0.2542575001716614
1438295499506095,0.2542575001716614
1438295499591097,0.2542575001716614
1438295499657636,0.2542575001716614
1438295499806440,0.2542575001716614
1438295499886941,0.2542575001716614
1438295499959265,0.2542575001716614
1438295500088023,0.2542575001716614
1438295500174553,0.2542575001716614
1438295500240874,0.2542575001716614
1438295500392287,0.2542575001716614
1438295500458418,0.2542575001716614
1438295500606141,0.2542575001716614
1438295500690590,0.2542575001716614
1438295500759955,0.24368083477020264
1438295500906215,0.23254750669002533
1438295500976888,0.23254750669